{
	"pattrstorage" : 	{
		"name" : "frank",
		"slots" : 		{
			"1" : 			{
				"id" : 1,
				"data" : 				{
					"myrotate" : [ 0.0, 0.0, 0.0, 1.0 ],
					"myposition" : [ 0.0, 0.0, 0.0 ]
				}

			}
,
			"2" : 			{
				"id" : 2,
				"data" : 				{
					"myrotate" : [ 70.128501892089844, -0.495624482631683, -0.868051171302795, 0.029043974354863 ],
					"myposition" : [ 0.0, 0.0, 0.0 ]
				}

			}
,
			"3" : 			{
				"id" : 3,
				"data" : 				{
					"myrotate" : [ 70.128501892089844, -0.495624482631683, -0.868051171302795, 0.029043974354863 ],
					"myposition" : [ 0.0, 0.0, -3.673880100250244 ]
				}

			}
,
			"4" : 			{
				"id" : 4,
				"data" : 				{
					"myrotate" : [ 78.81695556640625, -0.084966212511063, 0.814088582992554, 0.574491500854492 ],
					"myposition" : [ 0.0, 0.0, -3.673880100250244 ]
				}

			}
,
			"5" : 			{
				"id" : 5,
				"data" : 				{
					"myrotate" : [ 141.093704223632812, -0.041049648076296, 0.99567049741745, 0.083397582173347 ],
					"myposition" : [ 0.0, 0.0, 1.517068862915039 ]
				}

			}
,
			"6" : 			{
				"id" : 6,
				"data" : 				{
					"myrotate" : [ 141.093704223632812, -0.041049648076296, 0.99567049741745, 0.083397582173347 ],
					"myposition" : [ -0.266715675592422, 0.116687931120396, -1.325881838798523 ]
				}

			}
,
			"7" : 			{
				"id" : 7,
				"data" : 				{
					"myrotate" : [ 203.786605834960938, -0.528572082519531, -0.157113924622536, -0.834222257137299 ],
					"myposition" : [ -0.266715675592422, 0.116687931120396, -1.325881838798523 ]
				}

			}
,
			"8" : 			{
				"id" : 8,
				"data" : 				{
					"myrotate" : [ 203.786605834960938, -0.528572082519531, -0.157113924622536, -0.834222257137299 ],
					"myposition" : [ 0.895451307296753, -1.377619624137878, -1.325874328613281 ]
				}

			}
,
			"9" : 			{
				"id" : 9,
				"data" : 				{
					"myrotate" : [ 203.786605834960938, -0.528572082519531, -0.157113924622536, -0.834222257137299 ],
					"myposition" : [ 0.723238468170166, -0.091829873621464, 0.690297305583954 ]
				}

			}
,
			"10" : 			{
				"id" : 10,
				"data" : 				{
					"myrotate" : [ 277.345123291015625, -0.330857157707214, -0.306909739971161, -0.892378807067871 ],
					"myposition" : [ 0.723238468170166, -0.091829873621464, 0.690297305583954 ]
				}

			}

		}

	}

}
